id,name,unit,value,date_update,date_create,icon,color
455,hot water,m³,9.548,2021-08-06 01:11:18.000000,2021-05-03 15:01:08.817997,fa-tint,danger
463,cold water,m³,47.973,2021-08-06 02:37:35.000000,2021-05-03 15:01:09.792831,fa-tint,water
466,cold water,m³,23.259,2021-08-06 05:24:16.000000,2021-05-03 15:01:10.166223,fa-tint,water
461,hot water,m³,11.461,2021-08-06 05:58:03.000000,2021-05-03 15:01:09.538087,fa-tint,danger
29,H000601 - 104634,m³,3592504.266,2021-08-05 10:03:59.000000,2021-04-01 13:07:51.973315,fa-tint,water
48,Apator Ultrimis Testmåler,m³,123.933,2021-08-04 12:02:52.000000,2021-04-05 08:57:02.118374,fa-tint,danger
51,A7999 - 208441,m³,2722369.576,2021-08-05 10:04:03.000000,2021-04-05 17:08:55.151099,fa-tint,water
107,A010320-1/12 - 304072,m³,1338720.626,2021-08-05 20:13:34.000000,2021-04-15 07:55:17.346153,fa-tint,water
108,A010320-2/12 - 304073,m³,3217039.984,2021-08-05 20:13:30.000000,2021-04-15 07:55:17.456151,fa-tint,water
109,A010320-3/12 - 304118,m³,2672273.455,2021-08-05 20:13:32.000000,2021-04-15 07:55:17.546825,fa-tint,water
110,A010320-4/12 - 304119,m³,4217770.933,2021-08-05 20:13:41.000000,2021-04-15 07:55:17.629369,fa-tint,water
111,A010320-6/12 - 304121,m³,2249274.322,2021-08-05 20:13:26.000000,2021-04-15 07:55:17.709167,fa-tint,water
115,A010320-9/12 - 304124,m³,2004124.736,2021-08-05 20:13:16.000000,2021-04-15 07:55:18.050726,fa-tint,water
180,accumulated heat energy,kWh,1729,2021-08-04 12:56:55.000000,2021-04-20 16:30:30.944752,fa-fire,danger
186,accumulated heat energy,kWh,2818,2021-08-05 11:11:25.000000,2021-04-20 16:32:04.819056,fa-fire,danger
190,accumulated heat energy,kWh,1741,2021-08-05 11:00:09.000000,2021-04-20 16:33:08.623417,fa-fire,danger
192,accumulated heat energy,kWh,3128,2021-08-05 10:16:04.000000,2021-04-20 16:33:39.293226,fa-fire,danger
194,accumulated heat energy,kWh,731,2021-08-04 16:50:19.000000,2021-04-21 06:20:49.993211,fa-fire,danger
199,10120327000 - iPearl,m³,1471381.419,2021-08-04 10:04:22.000000,2021-04-22 20:13:17.651712,fa-tint,water
200,10121436160 - iPearl,m³,1077940.83,2021-08-05 14:01:04.000000,2021-04-22 20:13:23.170577,fa-tint,water
201,10120421323 - iPearl,m³,1060762.636,2021-08-05 14:01:13.000000,2021-04-22 20:13:28.582736,fa-tint,water
202,10140030639 - iPearl,m³,2151099.452,2021-08-04 10:04:17.000000,2021-04-22 20:13:33.542671,fa-tint,water
203,10140030663 - iPearl,m³,673196.969,2021-08-05 14:01:06.000000,2021-04-22 20:13:40.640199,fa-tint,water
206,10120641195 - iPearl,m³,929722.168,2021-08-05 14:00:36.000000,2021-04-22 20:13:57.591848,fa-tint,water
208,accumulated heat energy,kWh,4418,2021-08-05 10:36:54.000000,2021-04-23 12:20:14.993141,fa-fire,danger
314,accumulated heat energy,kWh,3614,2021-08-05 08:16:34.000000,2021-05-02 20:41:47.800197,fa-fire,danger
336,accumulated heat energy,kWh,2930,2021-08-05 09:48:37.000000,2021-05-03 07:44:26.410834,fa-fire,danger
344,accumulated heat energy,kWh,3005,2021-08-05 08:26:39.000000,2021-05-03 07:44:27.226929,fa-fire,danger
450,heat meter,kWh,7290,2021-08-05 14:30:38.000000,2021-05-03 15:01:08.183714,fa-fire,danger
451,cold water,m³,31.73,2021-08-05 21:17:24.000000,2021-05-03 15:01:08.320290,fa-tint,water
453,heat meter,kWh,9209,2021-08-05 13:06:51.000000,2021-05-03 15:01:08.575361,fa-fire,danger
456,heat meter,kWh,1704,2021-08-05 13:00:43.000000,2021-05-03 15:01:08.950655,fa-fire,danger
458,hot water,m³,9.004,2021-08-05 22:21:33.000000,2021-05-03 15:01:09.195300,fa-tint,danger
457,cold water,m³,19.263,2021-08-06 07:31:26.000000,2021-05-03 15:01:09.071990,fa-tint,water
459,heat meter,kWh,5519,2021-08-05 15:22:47.000000,2021-05-03 15:01:09.301098,fa-fire,danger
460,cold water,m³,32.272,2021-08-06 08:02:42.000000,2021-05-03 15:01:09.424584,fa-tint,water
465,heat meter,kWh,3983,2021-08-05 12:49:43.000000,2021-05-03 15:01:10.040861,fa-fire,danger
467,hot water,m³,8.012,2021-08-05 23:04:37.000000,2021-05-03 15:01:10.293897,fa-tint,danger
468,heat meter,kWh,3802,2021-08-05 14:31:07.000000,2021-05-03 15:01:10.422238,fa-fire,danger
454,cold water,m³,15.771,2021-08-06 08:20:11.000000,2021-05-03 15:01:08.697663,fa-tint,water
473,hot water,m³,3.903,2021-08-06 01:15:47.000000,2021-05-03 15:01:11.002241,fa-tint,danger
514,cold water,m³,45.597,2021-08-06 07:25:28.000000,2021-05-03 15:01:15.883781,fa-tint,water
505,cold water,m³,40.969,2021-08-06 07:39:38.000000,2021-05-03 15:01:14.779933,fa-tint,water
112,A010320-5/12 - 304120,m³,1623976.529,2021-08-05 20:13:28.000000,2021-04-15 07:55:17.802232,fa-tint,water
114,A010320-8/12 - 304123,m³,3491385.729,2021-08-05 20:13:19.000000,2021-04-15 07:55:17.961771,fa-tint,water
116,A010320-10/12 - 304125,m³,2940881.897,2021-08-05 20:13:38.000000,2021-04-15 07:55:18.133946,fa-tint,water
474,heat meter,kWh,4111,2021-08-05 17:45:53.000000,2021-05-03 15:01:11.107393,fa-fire,danger
477,heat meter,kWh,6312,2021-08-05 12:53:37.000000,2021-05-03 15:01:11.435586,fa-fire,danger
480,heat meter,kWh,5675,2021-08-05 14:52:31.000000,2021-05-03 15:01:11.791722,fa-fire,danger
481,cold water,m³,9.858,2021-08-05 08:45:15.000000,2021-05-03 15:01:11.910141,fa-tint,water
482,hot water,m³,2.297,2021-08-05 11:20:21.000000,2021-05-03 15:01:12.034586,fa-tint,danger
483,heat meter,kWh,5857,2021-08-05 13:04:19.000000,2021-05-03 15:01:12.152880,fa-fire,danger
485,hot water,m³,1.179,2021-08-05 08:39:45.000000,2021-05-03 15:01:12.379686,fa-tint,danger
486,heat meter,kWh,4454,2021-08-05 16:10:16.000000,2021-05-03 15:01:12.478289,fa-fire,danger
487,cold water,m³,23.123,2021-08-05 09:30:32.000000,2021-05-03 15:01:12.615634,fa-tint,water
489,heat meter,kWh,4682,2021-08-05 15:03:56.000000,2021-05-03 15:01:12.852244,fa-fire,danger
491,hot water,m³,6.75,2021-08-05 16:44:51.000000,2021-05-03 15:01:13.087476,fa-tint,danger
492,heat meter,kWh,2476,2021-08-05 14:40:38.000000,2021-05-03 15:01:13.202334,fa-fire,danger
493,cold water,m³,24.793,2021-08-05 22:43:49.000000,2021-05-03 15:01:13.317772,fa-tint,water
494,hot water,m³,9.211,2021-08-05 23:30:42.000000,2021-05-03 15:01:13.432908,fa-tint,danger
495,heat meter,kWh,4516,2021-08-04 13:20:24.000000,2021-05-03 15:01:13.558496,fa-fire,danger
498,heat meter,kWh,4655,2021-08-05 12:51:34.000000,2021-05-03 15:01:13.935387,fa-fire,danger
500,hot water,m³,11.4,2021-08-05 14:42:37.000000,2021-05-03 15:01:14.179383,fa-tint,danger
501,heat meter,kWh,1778,2021-08-05 14:54:39.000000,2021-05-03 15:01:14.300965,fa-fire,danger
503,hot water,m³,16.276,2021-08-05 22:01:38.000000,2021-05-03 15:01:14.551056,fa-tint,danger
504,heat meter,kWh,4970,2021-08-05 12:55:10.000000,2021-05-03 15:01:14.668876,fa-fire,danger
507,heat meter,kWh,6461,2021-08-05 16:10:15.000000,2021-05-03 15:01:15.027493,fa-fire,danger
513,heat meter,kWh,2706,2021-08-05 17:47:00.000000,2021-05-03 15:01:15.763849,fa-fire,danger
516,heat meter,kWh,1695,2021-08-05 16:18:23.000000,2021-05-03 15:01:16.142821,fa-fire,danger
517,cold water,m³,33.1,2021-08-05 23:52:07.000000,2021-05-03 15:01:16.264812,fa-tint,water
519,heat meter,kWh,3589,2021-08-05 15:28:05.000000,2021-05-03 15:01:16.501382,fa-fire,danger
522,heat meter,kWh,2832,2021-08-05 14:34:45.000000,2021-05-03 15:01:16.848088,fa-fire,danger
524,hot water,m³,5.941,2021-08-05 09:59:54.000000,2021-05-03 15:01:17.076619,fa-tint,danger
525,heat meter,kWh,4490,2021-08-05 15:23:00.000000,2021-05-03 15:01:17.193152,fa-fire,danger
527,hot water,m³,7.811,2021-08-05 16:20:25.000000,2021-05-03 15:01:17.448409,fa-tint,danger
476,hot water,m³,6.224,2021-08-06 07:44:43.000000,2021-05-03 15:01:11.311196,fa-tint,danger
521,hot water,m³,19.382,2021-08-06 07:53:25.000000,2021-05-03 15:01:16.730862,fa-tint,danger
490,cold water,m³,14.458,2021-08-06 08:19:21.000000,2021-05-03 15:01:12.975198,fa-tint,water
502,cold water,m³,32.069,2021-08-06 02:32:14.000000,2021-05-03 15:01:14.425184,fa-tint,water
484,cold water,m³,29.41,2021-08-06 03:18:33.000000,2021-05-03 15:01:12.262150,fa-tint,water
469,cold water,m³,22.576,2021-08-06 03:33:59.000000,2021-05-03 15:01:10.545582,fa-tint,water
475,cold water,m³,26.893,2021-08-06 03:34:27.000000,2021-05-03 15:01:11.226084,fa-tint,water
496,cold water,m³,30.101,2021-08-06 04:05:47.000000,2021-05-03 15:01:13.682486,fa-tint,water
523,cold water,m³,23.053,2021-08-06 04:16:01.000000,2021-05-03 15:01:16.970009,fa-tint,water
518,hot water,m³,17.153,2021-08-06 04:43:15.000000,2021-05-03 15:01:16.387575,fa-tint,danger
488,hot water,m³,7.919,2021-08-06 04:43:21.000000,2021-05-03 15:01:12.736318,fa-tint,danger
479,hot water,m³,17.721,2021-08-06 05:13:10.000000,2021-05-03 15:01:11.667347,fa-tint,danger
497,hot water,m³,10.713,2021-08-06 06:04:52.000000,2021-05-03 15:01:13.799712,fa-tint,danger
515,hot water,m³,15.68,2021-08-06 06:48:03.000000,2021-05-03 15:01:16.014218,fa-tint,danger
478,cold water,m³,33.456,2021-08-06 07:00:18.000000,2021-05-03 15:01:11.548502,fa-tint,water
506,hot water,m³,14.765,2021-08-06 07:20:08.000000,2021-05-03 15:01:14.907881,fa-tint,danger
499,cold water,m³,17.968,2021-08-06 07:46:20.000000,2021-05-03 15:01:14.063268,fa-tint,water
520,cold water,m³,41.203,2021-08-06 07:49:27.000000,2021-05-03 15:01:16.613369,fa-tint,water
540,hot water,m³,14.42,2021-08-06 06:59:27.000000,2021-05-04 19:45:36.744659,fa-tint,danger
117,A010320-11/12 - 304126,m³,2437090.286,2021-08-05 20:13:23.000000,2021-04-15 07:55:18.220873,fa-tint,water
532,hot water,m³,10.13,2021-08-05 22:20:43.000000,2021-05-04 19:45:35.802686,fa-tint,danger
533,cold water,m³,0.422,2021-08-05 10:31:31.000000,2021-05-04 19:45:35.878703,fa-tint,water
534,hot water,m³,0.072,2021-08-05 10:48:24.000000,2021-05-04 19:45:36.008212,fa-tint,danger
543,cold water,m³,32.925,2021-08-05 14:01:38.000000,2021-05-04 19:45:37.126477,fa-tint,water
544,hot water,m³,10.908,2021-08-05 15:27:10.000000,2021-05-04 19:45:37.251846,fa-tint,danger
547,cold water,m³,1.738,2021-08-05 11:53:50.000000,2021-05-04 19:45:37.632231,fa-tint,water
548,hot water,m³,0.218,2021-08-05 07:58:48.000000,2021-05-04 19:45:37.751424,fa-tint,danger
551,cold water,m³,0.326,2021-08-05 11:49:07.000000,2021-05-04 19:45:38.138985,fa-tint,water
552,hot water,m³,0.016,2021-08-05 11:50:51.000000,2021-05-04 19:45:38.268907,fa-tint,danger
560,hot water,m³,2.097,2021-08-05 11:08:53.000000,2021-05-04 19:45:39.275716,fa-tint,danger
562,hot water,m³,7.246,2021-08-05 21:13:08.000000,2021-05-04 19:45:39.520636,fa-tint,danger
563,cold water,m³,35.233,2021-08-05 11:44:59.000000,2021-05-04 19:45:39.642502,fa-tint,water
564,hot water,m³,11.462,2021-08-05 10:39:04.000000,2021-05-04 19:45:39.768331,fa-tint,danger
565,cold water,m³,44.347,2021-08-05 11:21:19.000000,2021-05-04 19:45:39.891091,fa-tint,water
566,hot water,m³,8.058,2021-08-05 11:28:07.000000,2021-05-04 19:45:40.011418,fa-tint,danger
569,cold water,m³,8.279,2021-08-05 11:48:16.000000,2021-05-04 19:45:40.393775,fa-tint,water
572,hot water,m³,0.069,2021-08-05 02:34:55.000000,2021-05-04 19:45:40.699126,fa-tint,danger
575,cold water,m³,13.737,2021-08-05 08:30:10.000000,2021-05-04 19:45:41.098946,fa-tint,water
576,hot water,m³,3.836,2021-08-05 15:50:14.000000,2021-05-04 19:45:41.227441,fa-tint,danger
579,cold water,m³,24.105,2021-08-05 16:43:52.000000,2021-05-04 19:45:41.601914,fa-tint,water
581,cold water,m³,2.088,2021-08-05 11:45:13.000000,2021-05-04 19:45:41.755177,fa-tint,water
582,hot water,m³,0.06,2021-08-05 11:47:28.000000,2021-05-04 19:45:41.884271,fa-tint,danger
584,hot water,m³,19.066,2021-08-05 22:06:48.000000,2021-05-04 19:45:42.085767,fa-tint,danger
568,hot water,m³,15.316,2021-08-06 01:33:08.000000,2021-05-04 19:45:40.266139,fa-tint,danger
577,cold water,m³,87.912,2021-08-06 08:28:19.000000,2021-05-04 19:45:41.358016,fa-tint,water
538,hot water,m³,10.099,2021-08-06 06:32:02.000000,2021-05-04 19:45:36.492598,fa-tint,danger
585,cold water,m³,46.842,2021-08-06 06:30:24.000000,2021-05-04 19:46:01.357231,fa-tint,water
574,hot water,m³,11.328,2021-08-06 02:52:34.000000,2021-05-04 19:45:40.963263,fa-tint,danger
545,cold water,m³,6.022,2021-08-06 06:54:26.000000,2021-05-04 19:45:37.382268,fa-tint,water
535,cold water,m³,21.856,2021-08-06 07:25:06.000000,2021-05-04 19:45:36.139405,fa-tint,water
555,cold water,m³,13.272,2021-08-06 05:49:18.000000,2021-05-04 19:45:38.661942,fa-tint,water
537,cold water,m³,26.446,2021-08-06 07:25:49.000000,2021-05-04 19:45:36.388499,fa-tint,water
536,hot water,m³,5.221,2021-08-06 07:28:30.000000,2021-05-04 19:45:36.267117,fa-tint,danger
558,hot water,m³,16.205,2021-08-06 08:14:04.000000,2021-05-04 19:45:39.035516,fa-tint,danger
549,cold water,m³,59.358,2021-08-06 08:01:20.000000,2021-05-04 19:45:37.878989,fa-tint,water
561,cold water,m³,21.721,2021-08-06 08:16:44.000000,2021-05-04 19:45:39.394842,fa-tint,water
550,hot water,m³,25.728,2021-08-06 07:32:29.000000,2021-05-04 19:45:38.003049,fa-tint,danger
556,hot water,m³,6.515,2021-08-06 07:33:56.000000,2021-05-04 19:45:38.790116,fa-tint,danger
588,hot water,m³,18.153,2021-08-06 06:48:37.000000,2021-05-04 19:46:01.750426,fa-tint,danger
570,hot water,m³,2.354,2021-08-06 07:00:52.000000,2021-05-04 19:45:40.521282,fa-tint,danger
539,cold water,m³,54.555,2021-08-06 07:13:06.000000,2021-05-04 19:45:36.615413,fa-tint,water
557,cold water,m³,40.056,2021-08-06 08:21:33.000000,2021-05-04 19:45:38.913423,fa-tint,water
529,cold water,m³,29.017,2021-08-06 07:28:08.000000,2021-05-04 19:45:35.464474,fa-tint,water
542,hot water,m³,22.368,2021-08-06 07:28:18.000000,2021-05-04 19:45:36.995864,fa-tint,danger
586,hot water,m³,22.531,2021-08-06 07:28:32.000000,2021-05-04 19:46:01.501643,fa-tint,danger
559,cold water,m³,18.181,2021-08-06 08:21:53.000000,2021-05-04 19:45:39.157009,fa-tint,water
530,hot water,m³,8.573,2021-08-06 07:36:09.000000,2021-05-04 19:45:35.606057,fa-tint,danger
554,hot water,m³,16.191,2021-08-06 07:39:22.000000,2021-05-04 19:45:38.527471,fa-tint,danger
578,hot water,m³,56.106,2021-08-06 07:48:54.000000,2021-05-04 19:45:41.482049,fa-tint,danger
541,cold water,m³,51.259,2021-08-06 07:55:21.000000,2021-05-04 19:45:36.870273,fa-tint,water
553,cold water,m³,39.926,2021-08-06 08:05:14.000000,2021-05-04 19:45:38.397140,fa-tint,water
567,cold water,m³,33.905,2021-08-06 08:11:02.000000,2021-05-04 19:45:40.134799,fa-tint,water
531,cold water,m³,30.742,2021-08-06 08:13:56.000000,2021-05-04 19:45:35.725476,fa-tint,water
587,cold water,m³,78.058,2021-08-06 08:18:19.000000,2021-05-04 19:46:01.632311,fa-tint,water
332,accumulated heat energy,kWh,0,,2021-05-03 07:44:26.010430,fa-fire,danger
599,cold water,m³,41.188,2021-08-06 01:17:29.000000,2021-05-04 19:46:03.143852,fa-tint,water
50,A7999 - 208440,m³,105112.089,2021-08-05 10:04:01.000000,2021-04-05 17:08:37.022504,fa-tint,water
118,A010320-12/12 - 304127,m³,1600721.579,2021-08-05 20:13:36.000000,2021-04-15 07:55:18.300620,fa-tint,water
120,A2941 - 303599,m³,2139920.164,2021-08-04 06:13:36.000000,2021-04-15 07:56:07.114574,fa-tint,water
593,cold water,m³,41.539,2021-08-05 11:55:56.000000,2021-05-04 19:46:02.361325,fa-tint,water
594,hot water,m³,10.519,2021-08-05 11:41:15.000000,2021-05-04 19:46:02.492227,fa-tint,danger
595,cold water,m³,5.433,2021-08-05 14:23:32.000000,2021-05-04 19:46:02.616469,fa-tint,water
597,cold water,m³,53.01,2021-08-05 11:33:49.000000,2021-05-04 19:46:02.888910,fa-tint,water
598,hot water,m³,17.195,2021-08-05 22:18:37.000000,2021-05-04 19:46:03.017323,fa-tint,danger
600,hot water,m³,18.123,2021-08-05 11:38:47.000000,2021-05-04 19:46:03.269028,fa-tint,danger
601,cold water,m³,79.826,2021-08-05 11:08:00.000000,2021-05-04 19:46:03.396775,fa-tint,water
602,hot water,m³,31.703,2021-08-05 11:10:05.000000,2021-05-04 19:46:03.521037,fa-tint,danger
608,hot water,m³,11.746,2021-08-05 19:06:53.000000,2021-05-04 19:46:04.288269,fa-tint,danger
612,hot water,m³,19.19,2021-08-05 11:44:59.000000,2021-05-04 19:46:04.787529,fa-tint,danger
613,cold water,m³,90.155,2021-08-05 11:03:46.000000,2021-05-04 19:46:04.916041,fa-tint,water
614,hot water,m³,40.129,2021-08-05 11:50:59.000000,2021-05-04 19:46:05.039769,fa-tint,danger
617,cold water,m³,28.354,2021-08-05 11:12:14.000000,2021-05-04 19:46:05.406974,fa-tint,water
618,hot water,m³,7.075,2021-08-05 11:22:36.000000,2021-05-04 19:46:05.525054,fa-tint,danger
633,10120366976 - iPearl,m³,3738784.967,2021-08-05 14:01:22.000000,2021-05-06 19:17:46.268190,fa-tint,water
826,instant temp in,°C,26.16,2021-08-05 13:59:44.000000,2021-05-19 06:01:41.358674,fa-thermometer-full,danger
827,instant temp out,°C,27.54,2021-08-05 13:59:44.000000,2021-05-19 06:01:41.489100,fa-thermometer-full,water
830,instant temp in,°C,25.59,2021-08-05 09:48:31.000000,2021-05-19 06:33:20.229787,fa-thermometer-full,danger
831,instant temp out,°C,26.82,2021-08-05 09:48:31.000000,2021-05-19 06:33:20.371780,fa-thermometer-full,water
844,MAG8000_Akkumulert_Volum,m³,40.126,2021-08-05 11:50:02.000000,2021-05-25 12:18:23.742066,fa-tint,water
863,Akk volum,m³,144.356,2021-08-05 12:03:30.000000,2021-06-24 07:47:41.102499,fa-tint,water
872,Akk volum,m³,445.961,2021-08-01 12:06:16.000000,2021-06-28 16:03:34.973730,fa-tint,water
876,Temp,℃,14,2021-08-04 12:03:11.000000,2021-07-04 12:57:27.908646,fa-thermometer-full,water
877,Temp,℃,14,2021-08-04 12:03:22.000000,2021-07-04 12:57:42.745983,fa-thermometer-full,water
878,Temp,℃,14,2021-08-04 12:03:19.000000,2021-07-04 12:57:51.209580,fa-thermometer-full,water
879,Temp,℃,14,2021-08-04 12:03:17.000000,2021-07-04 12:58:00.474044,fa-thermometer-full,water
880,Temp,℃,14,2021-08-04 00:00:46.000000,2021-07-04 12:58:23.891601,fa-thermometer-full,water
881,Temp,℃,14,2021-08-04 12:03:14.000000,2021-07-04 12:58:30.127026,fa-thermometer-full,water
882,Temp,℃,14,2021-08-04 12:03:24.000000,2021-07-04 12:58:45.545595,fa-thermometer-full,water
885,Akk mnd,m³,161.214,2021-08-04 12:03:27.000000,2021-07-05 20:54:23.766020,fa-tint,primary
886,Akk mnd,m³,149.938,2021-08-05 12:03:19.000000,2021-07-05 20:54:39.236295,fa-tint,primary
887,Akk mnd,m³,148.739,2021-08-04 12:03:17.000000,2021-07-05 20:54:52.792242,fa-tint,primary
888,Akk mnd,m³,127.807,2021-08-04 12:03:11.000000,2021-07-05 20:55:06.301042,fa-tint,primary
622,hot water,m³,8.794,2021-08-06 06:26:23.000000,2021-05-04 19:46:06.037970,fa-tint,danger
604,hot water,m³,25.649,2021-08-06 07:58:04.000000,2021-05-04 19:46:03.778734,fa-tint,danger
632,hot water,m³,15.258,2021-08-06 07:46:39.000000,2021-05-04 19:46:07.286381,fa-tint,danger
607,cold water,m³,26.802,2021-08-06 05:27:50.000000,2021-05-04 19:46:04.164858,fa-tint,water
606,hot water,m³,7.848,2021-08-06 06:44:18.000000,2021-05-04 19:46:04.039620,fa-tint,danger
630,hot water,m³,23.325,2021-08-06 07:37:40.000000,2021-05-04 19:46:07.042734,fa-tint,danger
619,cold water,m³,41.391,2021-08-06 08:04:54.000000,2021-05-04 19:46:05.663000,fa-tint,water
590,hot water,m³,48.966,2021-08-06 08:26:22.000000,2021-05-04 19:46:02.006401,fa-tint,danger
621,cold water,m³,41.498,2021-08-06 07:26:31.000000,2021-05-04 19:46:05.914080,fa-tint,water
616,hot water,m³,25.554,2021-08-06 07:30:01.000000,2021-05-04 19:46:05.284798,fa-tint,danger
609,cold water,m³,29.799,2021-08-06 08:23:53.000000,2021-05-04 19:46:04.407158,fa-tint,water
615,cold water,m³,86.348,2021-08-06 07:35:05.000000,2021-05-04 19:46:05.162848,fa-tint,water
589,cold water,m³,84.252,2021-08-06 07:35:07.000000,2021-05-04 19:46:01.876561,fa-tint,water
605,cold water,m³,25.757,2021-08-06 07:37:29.000000,2021-05-04 19:46:03.911233,fa-tint,water
631,cold water,m³,45.706,2021-08-06 07:38:09.000000,2021-05-04 19:46:07.163221,fa-tint,water
620,hot water,m³,17.333,2021-08-06 08:24:56.000000,2021-05-04 19:46:05.787901,fa-tint,danger
121,A2940-3/4 - 303831,m³,1731551.864,2021-07-29 13:49:29.000000,2021-04-15 07:56:07.220840,fa-tint,water
448,cold water,m³,14.103,2021-08-06 03:59:21.000000,2021-05-03 15:01:07.918908,fa-tint,water
449,hot water,m³,22.967,2021-08-06 04:00:30.000000,2021-05-03 15:01:08.051971,fa-tint,danger
58,10121103793 - Kaldtvann,m³,3365933.195,2021-08-06 06:02:07.000000,2021-04-05 17:35:18.459197,fa-tint,water
113,A010320-7/12 - 304122,m³,1619683.271,2021-08-05 20:13:21.000000,2021-04-15 07:55:17.878882,fa-tint,water
122,A2940-1/4 - 303595,m³,3095794.108,2021-08-04 06:13:40.000000,2021-04-15 07:56:07.334572,fa-tint,water
126,A2680 - 303706,m³,1203870.465,2021-08-05 10:17:47.000000,2021-04-15 07:57:13.558659,fa-tint,water
127,A2683 - 304920,m³,1068983.643,2021-08-05 20:13:43.000000,2021-04-15 07:57:13.655458,fa-tint,water
143,instant temp in,°C,27.15,2021-08-06 07:44:50.000000,2021-04-20 15:48:38.764899,fa-thermometer-full,danger
128,A2617 - 303709,m³,1724208.682,2021-08-04 06:13:38.000000,2021-04-15 07:57:13.753499,fa-tint,water
144,instant temp out,°C,27.99,2021-08-06 07:44:50.000000,2021-04-20 15:48:38.890628,fa-thermometer-full,water
130,A2923 - 303710,m³,3216960.479,2021-08-04 13:57:46.000000,2021-04-15 07:57:13.972594,fa-tint,water
132,A2610 - 303711,m³,3358483.202,2021-08-05 10:17:55.000000,2021-04-15 07:57:14.153850,fa-tint,water
152,accumulated heat energy,kWh,2365,2021-08-05 14:09:09.000000,2021-04-20 16:22:18.273075,fa-fire,danger
154,accumulated heat energy,kWh,3869,2021-08-04 14:06:46.000000,2021-04-20 16:22:45.542775,fa-fire,danger
156,accumulated heat energy,kWh,3180,2021-08-04 14:07:30.000000,2021-04-20 16:23:03.527169,fa-fire,danger
160,accumulated heat energy,kWh,5758,2021-08-04 13:59:23.000000,2021-04-20 16:23:56.403117,fa-fire,danger
162,accumulated heat energy,kWh,3116,2021-08-04 13:59:43.000000,2021-04-20 16:24:12.881028,fa-fire,danger
452,hot water,m³,12.257,2021-08-05 22:08:53.000000,2021-05-03 15:01:08.446388,fa-tint,danger
890,Akk mnd,m³,219.695,2021-08-04 00:00:46.000000,2021-07-05 20:55:34.295607,fa-tint,primary
891,Akk mnd,m³,106.375,2021-07-31 12:03:21.000000,2021-07-05 20:55:58.657249,fa-tint,primary
893,Akk mnd,m³,78.869,2021-08-04 12:03:22.000000,2021-07-05 20:56:49.401821,fa-tint,primary
129,A2676 - 303707,m³,2849534.924,2021-07-29 13:49:26.000000,2021-04-15 07:57:13.867339,fa-tint,water
131,A2719-1/2 - 303641,m³,3610447.994,2021-07-29 13:58:09.000000,2021-04-15 07:57:14.073507,fa-tint,water
571,cold water,m³,0,,2021-05-04 19:45:40.620119,fa-tint,water
580,hot water,m³,0,,2021-05-04 19:45:41.674886,fa-tint,danger
583,cold water,m³,0,,2021-05-04 19:45:42.004902,fa-tint,water
54,10121068076 - Kaldtvann,m³,4289687.04,2021-08-06 06:02:09.000000,2021-04-05 17:26:56.466241,fa-tint,water
816,heat meter,kWh,0,,2021-05-18 09:55:01.970135,fa-fire,danger
819,heat meter,kWh,0,,2021-05-18 09:55:02.270479,fa-fire,danger
822,heat meter,kWh,0,,2021-05-18 09:55:02.551171,fa-fire,danger
174,accumulated heat energy,kWh,3780,2021-07-12 13:11:41.000000,2021-04-20 16:29:07.096941,fa-fire,danger
825,heat meter,kWh,0,,2021-05-18 09:55:02.823242,fa-fire,danger
49,iPearl Testmåler,m³,2290684.755,2021-08-05 12:08:27.000000,2021-04-05 08:59:40.286680,fa-tint,success
818,warm water,m³,0,2021-05-19 02:55:54.000000,2021-05-18 09:55:02.172128,fa-tint,danger
150,accumulated heat energy,kWh,3959,2021-08-04 14:12:10.000000,2021-04-20 15:59:53.023587,fa-fire,danger
166,accumulated heat energy,kWh,3455,2021-08-04 13:47:42.000000,2021-04-20 16:26:41.332668,fa-fire,danger
168,accumulated heat energy,kWh,5510,2021-08-04 13:37:18.000000,2021-04-20 16:27:27.527408,fa-fire,danger
170,accumulated heat energy,kWh,3717,2021-08-04 13:31:04.000000,2021-04-20 16:28:07.918883,fa-fire,danger
176,accumulated heat energy,kWh,1137,2021-08-04 13:08:56.000000,2021-04-20 16:29:28.071244,fa-fire,danger
178,accumulated heat energy,kWh,6432,2021-08-04 13:09:49.000000,2021-04-20 16:30:06.770684,fa-fire,danger
188,accumulated heat energy,kWh,4704,2021-08-05 11:02:05.000000,2021-04-20 16:32:26.693030,fa-fire,danger
470,hot water,m³,8.791,2021-08-06 03:25:13.000000,2021-05-03 15:01:10.663278,fa-tint,danger
472,cold water,m³,15.613,2021-08-06 05:15:36.000000,2021-05-03 15:01:10.886170,fa-tint,water
791,warm water,m³,0,2021-05-19 04:23:48.000000,2021-05-18 09:54:59.507880,fa-tint,danger
800,warm water,m³,0,2021-05-19 02:21:31.000000,2021-05-18 09:55:00.393804,fa-tint,danger
796,cold water,m³,0,2021-05-19 02:50:56.000000,2021-05-18 09:54:59.981204,fa-tint,water
794,warm water,m³,0,2021-05-19 04:22:22.000000,2021-05-18 09:54:59.798811,fa-tint,danger
803,warm water,m³,0,2021-05-19 02:58:20.000000,2021-05-18 09:55:00.677217,fa-tint,danger
812,warm water,m³,0,2021-05-19 02:09:58.000000,2021-05-18 09:55:01.558716,fa-tint,danger
806,warm water,m³,0,2021-05-19 04:31:31.000000,2021-05-18 09:55:00.968743,fa-tint,danger
808,cold water,m³,0,2021-05-19 04:15:09.000000,2021-05-18 09:55:01.156559,fa-tint,water
814,cold water,m³,0,2021-05-19 04:18:31.000000,2021-05-18 09:55:01.750855,fa-tint,water
811,cold water,m³,0,2021-05-19 04:19:40.000000,2021-05-18 09:55:01.440709,fa-tint,water
805,cold water,m³,0,2021-05-19 04:20:08.000000,2021-05-18 09:55:00.867999,fa-tint,water
809,warm water,m³,0,2021-05-19 02:14:39.000000,2021-05-18 09:55:01.261933,fa-tint,danger
28,Warm water,m³,0,,2021-04-01 13:07:51.888844,fa-tint,danger
30,Warm water,m³,0,,2021-04-01 13:08:32.203150,fa-tint,danger
31,Cold water,m³,0,,2021-04-01 13:08:32.285326,fa-tint,primary
32,Warm water,m³,0,,2021-04-01 13:08:45.324750,fa-tint,danger
33,Cold water,m³,0,,2021-04-01 13:08:45.407746,fa-tint,primary
53,10120296085 - Kaldtvann,m³,0,,2021-04-05 17:26:27.862738,fa-tint,water
352,accumulated heat energy,kWh,4440,2021-08-05 07:23:56.000000,2021-05-03 07:44:28.192192,fa-fire,danger
471,heat meter,kWh,6099,2021-08-05 15:26:32.000000,2021-05-03 15:01:10.779115,fa-fire,danger
511,cold water,m³,11.835,2021-08-06 06:04:46.000000,2021-05-03 15:01:15.525313,fa-tint,water
508,cold water,m³,20.411,2021-08-06 06:37:17.000000,2021-05-03 15:01:15.156275,fa-tint,water
634,Relay Test Hot,"",0,,2021-05-11 19:43:44.262902,fa-tint,danger
47,Apator Ultrimis,m³,231.113,2021-07-02 10:03:53.000000,2021-04-05 07:17:03.015923,fa-tint,water
328,accumulated heat energy,kWh,4391,2021-05-30 09:42:32.000000,2021-05-03 07:44:25.659942,fa-fire,danger
45,Apator Ultrimis,m3,229.939,,2021-04-05 06:54:22.053772,fa-tint,water
34,10120659208 - Kaldtvann,m³,9393.466,2021-04-15 12:03:57.000000,2021-04-01 16:55:19.555207,fa-tint,primary
43,Warm water,m³,0,,2021-04-04 16:40:18.127387,fa-tint,danger
44,Cold water,m³,0,,2021-04-04 16:40:18.209722,fa-tint,primary
771,heat meter,kWh,0,,2021-05-18 09:54:57.573183,fa-fire,danger
210,accumulated heat energy,kWh,2361,2021-06-13 10:03:47.000000,2021-04-23 12:21:01.033015,fa-fire,danger
182,accumulated heat energy,kWh,1889,2021-07-22 12:14:10.000000,2021-04-20 16:30:52.459753,fa-fire,danger
39,Electricity,kWh,575.592,,2021-04-04 08:59:18.606916,fa-bolt,warning
774,heat meter,kWh,0,,2021-05-18 09:54:57.858169,fa-fire,danger
41,Cold Water,m³,81.334,2021-04-04 17:06:09.000000,2021-04-04 13:45:24.730448,fa-tint,water
42,Cold Water,m³,6.081,2021-04-04 17:06:12.000000,2021-04-04 13:46:14.364700,fa-tint,water
38,Cold water,m³,4.307,2021-04-04 17:06:13.000000,2021-04-02 13:59:31.860150,fa-tint,water
142,accumulated heat energy,kWh,5048,2021-08-05 11:44:49.000000,2021-04-20 15:48:38.631239,fa-fire,danger
37,Warm water,m³,229.939,2021-04-04 17:06:14.000000,2021-04-02 11:29:26.134660,fa-tint,danger
36,Cold water,m³,2.721,2021-04-04 17:06:49.000000,2021-04-02 11:29:26.054688,fa-tint,water
354,accumulated heat energy,kWh,5308,2021-08-05 08:07:29.000000,2021-05-03 07:44:28.503459,fa-fire,danger
40,Water,m³,16.473,2021-04-04 17:06:50.000000,2021-04-04 09:11:03.560638,fa-tint,water
35,10120659207 - Kaldtvann,m³,727166.066,2021-04-04 18:03:56.000000,2021-04-01 16:55:30.816262,fa-tint,primary
52,Cold water,m³,0,,2021-04-05 17:26:08.067349,fa-tint,primary
528,heat meter,kWh,6679,2021-08-05 18:38:51.000000,2021-05-03 15:01:17.569876,fa-fire,danger
55,10121131798 - Kaldtvann,m³,0,,2021-04-05 17:30:18.785479,fa-tint,water
56,10121131798 - Kaldtvann,m³,0,,2021-04-05 17:30:51.203831,fa-tint,water
462,heat meter,kWh,3298,2021-08-05 13:26:18.000000,2021-05-03 15:01:09.664432,fa-fire,danger
509,hot water,m³,6.542,2021-08-05 20:51:52.000000,2021-05-03 15:01:15.288907,fa-tint,danger
777,heat meter,kWh,0,,2021-05-18 09:54:58.142706,fa-fire,danger
510,heat meter,kWh,2482,2021-08-05 15:16:38.000000,2021-05-03 15:01:15.406063,fa-fire,danger
57,10120296111 - Kaldtvann,m³,0,,2021-04-05 17:33:31.758052,fa-tint,water
146,accumulated heat energy,kWh,1889,2021-06-16 14:11:24.000000,2021-04-20 15:54:22.639353,fa-fire,danger
512,hot water,m³,2.729,2021-08-05 21:56:42.000000,2021-05-03 15:01:15.642488,fa-tint,danger
780,heat meter,kWh,0,,2021-05-18 09:54:58.425270,fa-fire,danger
158,accumulated heat energy,kWh,1733,2021-05-07 13:58:07.000000,2021-04-20 16:23:24.251822,fa-fire,danger
884,Temp,℃,0,,2021-07-04 12:59:19.524168,fa-thermometer-full,water
783,heat meter,kWh,0,,2021-05-18 09:54:58.708650,fa-fire,danger
786,heat meter,kWh,0,,2021-05-18 09:54:59.007070,fa-fire,danger
76,Ultralyd R250,m³,0,,2021-04-11 09:09:38.357314,fa-tint,water
46,Apator Ultrimis Demomåler,m3,0,,2021-04-05 06:59:32.602965,fa-tint,water
769,cold water,m³,0,2021-05-19 02:47:25.000000,2021-05-18 09:54:57.350250,fa-tint,water
205,10120152054 - iPearl,m³,314.111,,2021-04-22 20:13:51.700332,fa-tint,water
123,A2942 - 207402,m³,2544954.496,2021-07-27 13:49:15.000000,2021-04-15 07:56:07.439808,fa-tint,water
119,A2940-4/4 - 303598,m³,2006165.4,2021-07-05 14:00:49.000000,2021-04-15 07:56:07.028379,fa-tint,water
133,A2714 - 303708,m³,1716712.597,2021-07-26 10:17:12.000000,2021-04-15 07:57:14.245366,fa-tint,water
148,accumulated heat energy,kWh,5775,2021-06-29 14:10:19.000000,2021-04-20 15:54:49.413749,fa-fire,danger
172,accumulated heat energy,kWh,3359,2021-06-10 13:08:04.000000,2021-04-20 16:28:42.926087,fa-fire,danger
789,heat meter,kWh,0,,2021-05-18 09:54:59.317619,fa-fire,danger
125,A2719-2/2 - 303642,m³,3615850.121,2021-07-27 13:49:13.000000,2021-04-15 07:57:13.468097,fa-tint,water
635,Relay test Heat,"",0,,2021-05-11 19:44:08.879308,fa-fire,danger
124,A2940-2/4 - 303596,m³,2100458.069,2021-07-28 20:13:29.000000,2021-04-15 07:56:07.541861,fa-tint,water
792,heat meter,kWh,0,,2021-05-18 09:54:59.612384,fa-fire,danger
795,heat meter,kWh,0,,2021-05-18 09:54:59.902229,fa-fire,danger
204,10140030638 - iPearl,m³,1590.976,2021-08-05 14:00:39.000000,2021-04-22 20:13:46.539136,fa-tint,water
798,heat meter,kWh,0,,2021-05-18 09:55:00.213485,fa-fire,danger
164,accumulated heat energy,kWh,1461,2021-04-29 13:39:53.000000,2021-04-20 16:24:39.413328,fa-fire,danger
787,cold water,m³,0,2021-05-19 04:10:17.000000,2021-05-18 09:54:59.096732,fa-tint,water
330,accumulated heat energy,kWh,0,,2021-05-03 07:44:25.853666,fa-fire,danger
213,accumulated volume,L,0,,2021-05-02 20:11:14.026168,fa-tint,water
334,accumulated heat energy,kWh,0,,2021-05-03 07:44:26.158565,fa-fire,danger
801,heat meter,kWh,0,,2021-05-18 09:55:00.495546,fa-fire,danger
338,accumulated heat energy,kWh,0,,2021-05-03 07:44:26.609004,fa-fire,danger
340,accumulated heat energy,kWh,692,,2021-05-03 07:44:26.811870,fa-fire,danger
342,accumulated heat energy,kWh,0,,2021-05-03 07:44:27.008072,fa-fire,danger
348,accumulated heat energy,kWh,0,,2021-05-03 07:44:27.695941,fa-fire,danger
350,accumulated heat energy,kWh,0,,2021-05-03 07:44:27.956313,fa-fire,danger
804,heat meter,kWh,0,,2021-05-18 09:55:00.773985,fa-fire,danger
137,V200,m³,0,,2021-04-16 19:12:34.881832,fa-tint,warning
807,heat meter,kWh,0,,2021-05-18 09:55:01.071774,fa-fire,danger
261,accumulated heat energy,kWh,2982,2021-07-01 09:16:37.000000,2021-05-02 20:23:41.275042,fa-fire,danger
346,accumulated heat energy,kWh,2252,2021-05-22 08:48:07.000000,2021-05-03 07:44:27.477697,fa-fire,danger
810,heat meter,kWh,0,,2021-05-18 09:55:01.361450,fa-fire,danger
813,heat meter,kWh,0,,2021-05-18 09:55:01.662889,fa-fire,danger
464,hot water,m³,25.323,2021-08-05 21:53:59.000000,2021-05-03 15:01:09.915990,fa-tint,danger
802,cold water,m³,0,2021-05-19 04:34:56.000000,2021-05-18 09:55:00.574481,fa-tint,water
356,accumulated heat energy,kWh,0,,2021-05-03 07:47:39.354670,fa-fire,danger
358,accumulated heat energy,kWh,0,,2021-05-03 07:47:39.609951,fa-fire,danger
360,accumulated heat energy,kWh,0,,2021-05-03 07:47:39.911154,fa-fire,danger
362,accumulated heat energy,kWh,0,,2021-05-03 07:47:40.104401,fa-fire,danger
364,accumulated heat energy,kWh,0,,2021-05-03 07:47:40.370431,fa-fire,danger
366,accumulated heat energy,kWh,0,,2021-05-03 07:47:40.557358,fa-fire,danger
625,cold water,m³,74.199,2021-08-06 06:57:03.000000,2021-05-04 19:46:06.412683,fa-tint,water
626,hot water,m³,22.505,2021-08-06 07:15:16.000000,2021-05-04 19:46:06.528812,fa-tint,danger
627,cold water,m³,15.519,2021-08-06 07:17:26.000000,2021-05-04 19:46:06.655470,fa-tint,water
628,hot water,m³,6.478,2021-08-06 07:37:54.000000,2021-05-04 19:46:06.793384,fa-tint,danger
629,cold water,m³,33.352,2021-08-06 08:19:27.000000,2021-05-04 19:46:06.916505,fa-tint,water
623,cold water,m³,85.738,2021-08-06 08:20:23.000000,2021-05-04 19:46:06.161167,fa-tint,water
815,warm water,m³,0,2021-05-19 02:54:23.000000,2021-05-18 09:55:01.869432,fa-tint,danger
624,hot water,m³,27.297,2021-08-06 08:26:32.000000,2021-05-04 19:46:06.284612,fa-tint,danger
312,accumulated heat energy,kWh,1421202,2021-05-08 16:16:57.000000,2021-05-02 20:41:47.579604,fa-fire,danger
318,accumulated heat energy,kWh,610730,2021-05-08 12:36:09.000000,2021-05-02 20:41:48.388418,fa-fire,danger
871,Akk volum,m³,499.693,2021-08-05 12:06:11.000000,2021-06-28 16:03:22.722957,fa-tint,water
526,cold water,m³,11.961,2021-08-05 15:22:33.000000,2021-05-03 15:01:17.327007,fa-tint,water
591,cold water,m³,0,,2021-05-04 19:46:02.124607,fa-tint,water
875,Temp,℃,14,2021-08-04 00:00:17.000000,2021-07-04 12:57:07.796354,fa-thermometer-full,water
909,Akkumulert volum,m³,830.7,2021-08-06 07:03:27.000000,2021-07-21 14:04:22.222063,fa-tint,water
596,hot water,m³,1.657,2021-08-05 14:10:57.000000,2021-05-04 19:46:02.762655,fa-tint,danger
896,Akk mnd,m³,144.324,2021-08-04 12:03:24.000000,2021-07-05 20:57:36.318674,fa-tint,primary
897,Akk mnd,m³,497.522,2021-08-04 12:06:22.000000,2021-07-05 21:39:05.461451,fa-tint,primary
898,Akk mnd,m³,444.813,2021-08-01 12:06:16.000000,2021-07-05 21:43:48.783376,fa-tint,primary
899,Temp,℃,13,2021-08-01 12:06:16.000000,2021-07-05 21:44:18.227223,fa-thermometer-full,water
912,accumulated volume,m³,40.126,2021-08-05 11:50:02.000000,2021-07-27 10:49:36.691993,fa-tint,water
824,warm water,m³,0,2021-05-19 04:08:51.000000,2021-05-18 09:55:02.733260,fa-tint,danger
820,cold water,m³,0,2021-05-19 04:36:37.000000,2021-05-18 09:55:02.349768,fa-tint,water
823,cold water,m³,0,2021-05-19 02:35:24.000000,2021-05-18 09:55:02.635021,fa-tint,water
817,cold water,m³,0,2021-05-19 04:37:29.000000,2021-05-18 09:55:02.059227,fa-tint,water
821,warm water,m³,0,2021-05-19 02:54:13.000000,2021-05-18 09:55:02.456304,fa-tint,danger
546,hot water,m³,2.179,2021-08-06 01:27:48.000000,2021-05-04 19:45:37.503899,fa-tint,danger
903,Temp water 2 (test),°C,0,,2021-07-07 12:05:45.270969,fa-thermometer-full,water
785,warm water,m³,0,2021-05-19 02:48:57.000000,2021-05-18 09:54:58.897151,fa-tint,danger
770,warm water,m³,0,2021-05-19 02:52:23.000000,2021-05-18 09:54:57.474814,fa-tint,danger
773,warm water,m³,0,2021-05-19 02:52:34.000000,2021-05-18 09:54:57.761666,fa-tint,danger
776,warm water,m³,0,2021-05-19 02:57:19.000000,2021-05-18 09:54:58.038333,fa-tint,danger
772,cold water,m³,0,2021-05-19 02:57:28.000000,2021-05-18 09:54:57.658836,fa-tint,water
775,cold water,m³,0,2021-05-19 02:59:54.000000,2021-05-18 09:54:57.939472,fa-tint,water
778,cold water,m³,0,2021-05-19 04:37:00.000000,2021-05-18 09:54:58.217957,fa-tint,water
781,cold water,m³,0,2021-05-19 04:37:40.000000,2021-05-18 09:54:58.502454,fa-tint,water
779,warm water,m³,0,2021-05-19 02:14:13.000000,2021-05-18 09:54:58.312117,fa-tint,danger
782,warm water,m³,0,2021-05-19 02:21:02.000000,2021-05-18 09:54:58.604946,fa-tint,danger
784,cold water,m³,0,2021-05-19 02:22:48.000000,2021-05-18 09:54:58.790186,fa-tint,water
788,warm water,m³,0,2021-05-19 02:11:29.000000,2021-05-18 09:54:59.210866,fa-tint,danger
799,cold water,m³,0,2021-05-19 04:21:25.000000,2021-05-18 09:55:00.293187,fa-tint,water
790,cold water,m³,0,2021-05-19 04:15:24.000000,2021-05-18 09:54:59.402182,fa-tint,water
797,warm water,m³,0,2021-05-19 02:08:46.000000,2021-05-18 09:55:00.098290,fa-tint,danger
793,cold water,m³,0,2021-05-19 04:17:22.000000,2021-05-18 09:54:59.696370,fa-tint,water
845,MAG8000_Flow_Rate,m³/h,0.58,2021-05-26 12:50:02.000000,2021-05-25 12:18:23.889496,fa-fan,success
849,Multical 21,m3,0.019,2021-06-20 12:06:35.000000,2021-05-25 13:09:53.513975,fa-tint,water
900,Temp,℃,0,,2021-07-05 21:44:30.198163,fa-thermometer-full,water
829,instant temp out,°C,28.4,2021-07-21 12:14:12.000000,2021-05-19 06:32:54.853131,fa-thermometer-full,water
839,Sensus 10121208230,m3,0,,2021-05-20 13:30:25.212972,fa-tint,water
841,Cold water,m³,0,,2021-05-21 06:39:57.584428,fa-tint,water
828,instant temp in,°C,26.93,2021-07-21 12:14:12.000000,2021-05-19 06:32:46.282288,fa-thermometer-full,danger
842,Cold water,m³,0,,2021-05-21 06:39:57.668305,fa-tint,water
902,Temp water 1 (test),°C,0,,2021-07-07 12:05:33.326917,fa-thermometer-full,water
854,Cold water,m³,0,,2021-06-22 08:50:52.330767,fa-tint,water
894,Akk mnd,m³,0,,2021-07-05 20:57:10.127697,fa-tint,primary
850,Axioma / InstrumenTeam,m3,0,,2021-05-25 13:15:07.724830,fa-tint,water
907,Akkumulert volum,m³,0,,2021-07-19 09:17:43.162664,fa-tint,water
901,Akk volum,m³,0,,2021-07-05 21:59:43.408520,fa-tint,water
610,hot water,m³,11.334,2021-08-06 04:03:26.000000,2021-05-04 19:46:04.528694,fa-tint,danger
883,Temp,℃,14,2021-08-04 12:03:27.000000,2021-07-04 12:58:54.708101,fa-thermometer-full,water
895,Akk mnd,m³,144.737,2021-08-04 12:03:19.000000,2021-07-05 20:57:21.954151,fa-tint,primary
573,cold water,m³,26.899,2021-08-06 07:29:43.000000,2021-05-04 19:45:40.834031,fa-tint,water
905,Akkumulert volum,m³,0,,2021-07-18 20:07:33.211202,fa-tint,water
913,accumulated volume,pulses,130882,2021-08-06 07:40:10.000000,2021-07-27 10:50:20.062280,fa-tenge,primary
603,cold water,m³,70.059,2021-08-06 08:12:28.000000,2021-05-04 19:46:03.653366,fa-tint,water
184,accumulated heat energy,kWh,4334,2021-08-05 11:23:22.000000,2021-04-20 16:31:40.263767,fa-fire,danger
592,hot water,m³,84.431,2021-08-05 22:56:12.000000,2021-05-04 19:46:02.225485,fa-tint,danger
611,cold water,m³,65.596,2021-08-05 11:48:49.000000,2021-05-04 19:46:04.656064,fa-tint,water
861,Akk volum,m³,147.878,2021-08-05 12:03:35.000000,2021-06-24 07:30:26.904260,fa-tint,water
864,Akk volum,m³,79.878,2021-08-05 12:03:32.000000,2021-06-24 07:48:01.480864,fa-tint,water
865,Akk volum,m³,164.376,2021-08-05 12:03:27.000000,2021-06-24 07:48:11.346685,fa-tint,water
866,Akk volum,m³,220.909,2021-08-05 12:03:21.000000,2021-06-24 07:48:27.247626,fa-tint,water
867,Akk volum,m³,152.013,2021-08-05 12:03:24.000000,2021-06-24 07:48:39.469536,fa-tint,water
868,Akk volum,m³,150.366,2021-08-04 00:00:17.000000,2021-06-24 07:48:52.784062,fa-tint,water
869,Akk volum,m³,120.214,2021-08-04 12:03:14.000000,2021-06-24 07:49:04.912666,fa-tint,water
870,Akk volum,m³,129.281,2021-08-05 12:03:12.000000,2021-06-24 07:49:19.407555,fa-tint,water
